graph,num_nodes,algorithm,runtime,total_run_runtime,success_rate,median_stretch,avg_depth
Aarnet.graphml,19,Beacon Nodes,10.2799,120.2347,0.8512,0.0,7.0417
Aarnet.graphml,19,Global Controller,10.634,114.5862,0.8138,0.0,7.0417
Aarnet.graphml,19,PrioList,8.9879,162.3013,0.8675,0.0,7.0417
Aarnet.graphml,19,Simple Decomposition,9.4587,115.1325,0.8558,0.0,7.0417
Aarnet.graphml,19,Super Trees,10.6994,104.2514,0.6688,0.0,7.5833
Abilene.graphml,11,Beacon Nodes,5.8803,108.7789,0.9321,0.0,4.875
Abilene.graphml,11,Global Controller,6.0948,110.7616,0.9142,0.0417,4.875
Abilene.graphml,11,PrioList,5.6293,111.1474,0.9575,0.0,4.875
Abilene.graphml,11,Simple Decomposition,5.7545,113.279,0.9554,0.0,4.875
Abilene.graphml,11,Super Trees,6.1507,86.1094,0.7483,0.2083,5.8333
Abvt.graphml,22,Beacon Nodes,19.903,152.3714,0.8704,0.0,9.5833
Abvt.graphml,22,Global Controller,17.8422,145.4286,0.845,0.0833,9.5833
Abvt.graphml,22,PrioList,16.8594,146.7003,0.8975,0.0833,9.5833
Abvt.graphml,22,Simple Decomposition,16.5116,144.0125,0.8942,0.0417,9.5833
Abvt.graphml,22,Super Trees,17.0587,141.7788,0.8521,0.0833,9.25
Aconet.graphml,17,Beacon Nodes,11.0271,137.5826,0.9617,0.0,3.6667
Aconet.graphml,17,Global Controller,11.6479,133.2267,0.9538,0.0,3.6667
Aconet.graphml,17,PrioList,10.4048,131.0531,0.9671,0.0,3.6667
Aconet.graphml,17,Simple Decomposition,10.615,129.6561,0.9758,0.0,3.6667
Aconet.graphml,17,Super Trees,11.9397,117.9716,0.8533,0.0,5.2708
Agis.graphml,25,Beacon Nodes,14.8171,143.3969,0.8379,0.0,6.5833
Agis.graphml,25,Global Controller,18.221,142.1425,0.825,0.0,6.5833
Agis.graphml,25,PrioList,14.52,138.9888,0.8612,0.0,6.5833
Agis.graphml,25,Simple Decomposition,14.3466,139.1409,0.8542,0.0,6.5833
Agis.graphml,25,Super Trees,14.8584,129.9547,0.7617,0.2917,7.7708
Airtel.graphml,9,Beacon Nodes,7.1658,128.0184,0.9708,0.0,2.6538
Airtel.graphml,9,Global Controller,7.7798,128.8215,0.9617,0.0,2.6538
Airtel.graphml,9,PrioList,7.3243,124.0625,0.9696,0.0,2.6538
Airtel.graphml,9,Simple Decomposition,7.27,124.1798,0.9667,0.0,2.6538
Airtel.graphml,9,Super Trees,6.843,112.8591,0.9271,0.0833,3.4029
Amres.graphml,21,Beacon Nodes,3.1597,98.1658,0.6425,0.0,8.0
Amres.graphml,21,Global Controller,7.001,108.6239,0.6371,0.0,8.0
Amres.graphml,21,PrioList,2.724,92.6782,0.6462,0.0,8.0
Amres.graphml,21,Simple Decomposition,3.1597,92.4551,0.6338,0.0,8.0
Amres.graphml,21,Super Trees,3.8165,100.3897,0.6296,0.0,8.0
Ans.graphml,18,Beacon Nodes,15.9303,165.6589,0.9579,0.0,7.875
Ans.graphml,18,Global Controller,18.5079,156.7336,0.9292,0.0417,7.875
Ans.graphml,18,PrioList,16.1385,164.5171,0.9733,0.0,7.875
Ans.graphml,18,Simple Decomposition,15.3117,155.4901,0.9775,0.0,7.875
Ans.graphml,18,Super Trees,15.7009,152.0325,0.9246,0.0833,8.7708
Arn.graphml,28,Beacon Nodes,3.5735,117.9718,0.7246,0.0,3.6667
Arn.graphml,28,Global Controller,4.6828,112.7271,0.7442,0.0,3.6667
Arn.graphml,28,PrioList,3.1425,111.1854,0.735,0.0,3.6667
Arn.graphml,28,Simple Decomposition,3.1291,111.4937,0.7358,0.0,3.6667
Arn.graphml,28,Super Trees,4.6164,115.2492,0.7471,0.0,3.6667
Arnes.graphml,34,Beacon Nodes,38.6527,218.0153,0.9225,0.0417,10.5
Arnes.graphml,34,Global Controller,44.4097,226.327,0.8904,0.2083,10.5
Arnes.graphml,34,PrioList,39.1358,211.6189,0.9375,0.1667,10.5
Arnes.graphml,34,Simple Decomposition,39.4129,218.7329,0.9379,0.125,10.5
Arnes.graphml,34,Super Trees,44.8166,202.4238,0.8517,0.3333,11.2708
Arpanet196912.graphml,4,Beacon Nodes,1.4248,80.6261,0.9183,0.0,1.8958
Arpanet196912.graphml,4,Global Controller,1.4147,86.9816,0.9383,0.0,1.8958
Arpanet196912.graphml,4,PrioList,1.3157,84.0975,0.9262,0.0,1.8958
Arpanet196912.graphml,4,Simple Decomposition,1.212,80.8574,0.9242,0.0,1.8958
Arpanet196912.graphml,4,Super Trees,1.5905,71.7199,0.8642,0.0833,2.0
Arpanet19706.graphml,9,Beacon Nodes,2.7332,89.9358,0.8454,0.0,2.5833
Arpanet19706.graphml,9,Global Controller,3.2484,84.1383,0.8412,0.0,2.5833
Arpanet19706.graphml,9,PrioList,2.8485,87.2156,0.8604,0.0,2.5833
Arpanet19706.graphml,9,Simple Decomposition,2.7759,87.7872,0.8471,0.0,2.5833
Arpanet19706.graphml,9,Super Trees,3.0862,63.787,0.6229,0.3125,3.2708
Arpanet19719.graphml,17,Beacon Nodes,10.7436,131.742,0.9071,0.0,7.6042
Arpanet19719.graphml,17,Global Controller,11.2072,116.4159,0.855,0.0,7.6042
Arpanet19719.graphml,17,PrioList,10.3666,126.7404,0.9358,0.0,7.6042
Arpanet19719.graphml,17,Simple Decomposition,10.6496,121.3017,0.925,0.0,7.6042
Arpanet19719.graphml,17,Super Trees,13.1923,112.6606,0.8108,0.0833,9.3333
Arpanet19723.graphml,23,Beacon Nodes,17.7323,133.3334,0.8058,0.0,11.9167
Arpanet19723.graphml,23,Global Controller,18.5816,138.5783,0.7671,0.0,11.9167
Arpanet19723.graphml,23,PrioList,16.046,131.3932,0.88,0.0,11.9167
Arpanet19723.graphml,23,Simple Decomposition,15.7447,131.9676,0.8738,0.0,11.9167
Arpanet19723.graphml,23,Super Trees,16.487,117.9071,0.7729,0.0833,12.75
Arpanet19728.graphml,27,Beacon Nodes,20.2073,151.3265,0.8346,0.0,11.9583
Arpanet19728.graphml,27,Global Controller,24.9245,140.385,0.7279,0.0,11.9583
Arpanet19728.graphml,27,PrioList,19.9196,145.5979,0.8854,0.0,11.9583
Arpanet19728.graphml,27,Simple Decomposition,19.6159,140.8651,0.8817,0.0,11.9583
Arpanet19728.graphml,27,Super Trees,21.2708,142.0616,0.7604,0.0435,14.0208
Atmnet.graphml,21,Beacon Nodes,10.9903,109.8222,0.7233,0.0,11.7917
Atmnet.graphml,21,Global Controller,12.143,107.6715,0.6883,0.0,11.7917
Atmnet.graphml,21,PrioList,11.1115,106.5251,0.7921,0.0,11.7917
Atmnet.graphml,21,Simple Decomposition,11.331,110.9771,0.7992,0.0,11.7917
Atmnet.graphml,21,Super Trees,11.9133,108.8307,0.7129,0.0417,13.6042
AttMpls.graphml,25,Beacon Nodes,51.2941,242.6109,0.9942,0.0,8.6667
AttMpls.graphml,25,Global Controller,51.3274,242.331,0.9962,0.0,8.6667
AttMpls.graphml,25,PrioList,49.8337,234.213,0.9929,0.0,8.6667
AttMpls.graphml,25,Simple Decomposition,50.9992,237.4323,0.9942,0.0,8.6667
AttMpls.graphml,25,Super Trees,49.8792,224.0696,0.9883,0.2917,7.6042
Bbnplanet.graphml,27,Beacon Nodes,9.8714,118.1616,0.7471,0.0,6.0417
Bbnplanet.graphml,27,Global Controller,10.9516,119.6307,0.7483,0.0,6.0417
Bbnplanet.graphml,27,PrioList,9.5902,120.5821,0.7417,0.0,6.0417
Bbnplanet.graphml,27,Simple Decomposition,9.2414,116.1165,0.7504,0.0,6.0417
Bbnplanet.graphml,27,Super Trees,10.477,100.2988,0.6063,0.125,7.2708
Bellcanada.graphml,48,Beacon Nodes,64.0262,263.5044,0.8479,0.25,13.1042
Bellcanada.graphml,48,Global Controller,71.3033,271.3782,0.7946,0.25,13.1042
Bellcanada.graphml,48,PrioList,63.2817,262.4408,0.86,0.0833,13.1042
Bellcanada.graphml,48,Simple Decomposition,62.5384,261.2221,0.8662,0.1042,13.1042
Bellcanada.graphml,48,Super Trees,64.6852,222.8014,0.6788,0.7083,13.6042
Bellsouth.graphml,49,Beacon Nodes,25.0099,192.3853,0.7379,0.0,5.3542
Bellsouth.graphml,49,Global Controller,32.7282,192.8682,0.7358,0.0,5.3542
Bellsouth.graphml,49,PrioList,25.7073,182.5714,0.7588,0.0,5.3542
Bellsouth.graphml,49,Simple Decomposition,24.6413,178.1663,0.7621,0.0,5.3542
Bellsouth.graphml,49,Super Trees,27.0733,188.7078,0.7075,0.4792,7.3958
Belnet2003.graphml,17,Beacon Nodes,13.5769,142.2365,0.9742,0.0,2.0417
Belnet2003.graphml,17,Global Controller,14.349,144.2767,0.9779,0.0,2.0417
Belnet2003.graphml,17,PrioList,15.092,141.8673,0.9829,0.0,2.0417
Belnet2003.graphml,17,Simple Decomposition,13.2058,139.881,0.9804,0.0,2.0417
Belnet2003.graphml,17,Super Trees,13.7451,142.1013,0.985,0.0,3.6667
Belnet2004.graphml,17,Beacon Nodes,20.6129,147.7198,0.9792,0.0,2.125
Belnet2004.graphml,17,Global Controller,19.1344,156.016,0.9821,0.0,2.125
Belnet2004.graphml,17,PrioList,17.733,150.0682,0.985,0.0,2.125
Belnet2004.graphml,17,Simple Decomposition,17.5505,139.7989,0.9838,0.0,2.125
Belnet2004.graphml,17,Super Trees,18.2621,148.805,0.9775,0.0,3.2708
Belnet2005.graphml,17,Beacon Nodes,15.5791,142.2968,0.97,0.0,2.0417
Belnet2005.graphml,17,Global Controller,16.5792,151.2136,0.9688,0.0,2.0417
Belnet2005.graphml,17,PrioList,15.2518,140.1427,0.9867,0.0,2.0417
Belnet2005.graphml,17,Simple Decomposition,14.8067,142.528,0.9812,0.0,2.0417
Belnet2005.graphml,17,Super Trees,15.5279,140.1677,0.9758,0.0,3.4792
Belnet2006.graphml,17,Beacon Nodes,19.5283,157.525,0.9717,0.0,2.0625
Belnet2006.graphml,17,Global Controller,20.9078,152.4065,0.9738,0.0,2.0625
Belnet2006.graphml,17,PrioList,17.3232,143.7639,0.9846,0.0,2.0625
Belnet2006.graphml,17,Simple Decomposition,17.0381,150.3524,0.9883,0.0,2.0625
Belnet2006.graphml,17,Super Trees,17.522,125.5066,0.8721,0.125,3.1667
Belnet2007.graphml,21,Beacon Nodes,14.0536,124.2915,0.8542,0.0,8.4304
Belnet2007.graphml,21,Global Controller,15.6272,124.6238,0.8092,0.0,8.4304
Belnet2007.graphml,21,PrioList,13.7003,129.5497,0.9017,0.0,8.4304
Belnet2007.graphml,21,Simple Decomposition,15.6126,130.2444,0.8908,0.0,8.4304
Belnet2007.graphml,21,Super Trees,14.0513,115.3991,0.8533,0.0208,9.9792
Belnet2008.graphml,21,Beacon Nodes,13.7827,129.4482,0.8612,0.0,8.875
Belnet2008.graphml,21,Global Controller,14.3347,120.8348,0.7996,0.0,8.875
Belnet2008.graphml,21,PrioList,17.028,124.5781,0.8917,0.0,8.875
Belnet2008.graphml,21,Simple Decomposition,13.7388,132.3121,0.8912,0.0,8.875
Belnet2008.graphml,21,Super Trees,13.4732,126.5034,0.8917,0.0,10.3125
Belnet2009.graphml,21,Beacon Nodes,13.885,126.7672,0.8604,0.0833,8.6458
Belnet2009.graphml,21,Global Controller,16.4967,125.5296,0.8212,0.0833,8.6458
Belnet2009.graphml,21,PrioList,14.5804,123.7819,0.89,0.0,8.6458
Belnet2009.graphml,21,Simple Decomposition,13.6903,124.8749,0.8896,0.0,8.6458
Belnet2009.graphml,21,Super Trees,13.8832,121.8535,0.8812,0.0,10.0625
Belnet2010.graphml,19,Beacon Nodes,5.6686,96.7141,0.6912,0.0,8.3471
Belnet2010.graphml,19,Global Controller,8.2468,93.5788,0.6921,0.0833,8.3471
Belnet2010.graphml,19,PrioList,5.5534,93.4106,0.7283,0.0,8.3471
Belnet2010.graphml,19,Simple Decomposition,5.669,93.4434,0.725,0.0,8.3471
Belnet2010.graphml,19,Super Trees,6.3368,80.638,0.5917,0.0,9.2917
BeyondTheNetwork.graphml,29,Beacon Nodes,35.095,202.1757,0.9721,0.0,13.1875
BeyondTheNetwork.graphml,29,Global Controller,36.8671,192.9979,0.9225,0.0625,13.1875
BeyondTheNetwork.graphml,29,PrioList,34.6519,192.1975,0.9767,0.0833,13.1875
BeyondTheNetwork.graphml,29,Simple Decomposition,34.1582,193.6044,0.9783,0.0625,13.1875
BeyondTheNetwork.graphml,29,Super Trees,34.4806,168.4517,0.8771,0.3542,12.25
Bics.graphml,33,Beacon Nodes,38.8072,198.4215,0.8788,0.0833,8.5833
Bics.graphml,33,Global Controller,39.4133,193.5113,0.8775,0.0625,8.5833
Bics.graphml,33,PrioList,38.0792,192.8145,0.8896,0.0,8.5833
Bics.graphml,33,Simple Decomposition,38.8202,188.5589,0.8783,0.0417,8.5833
Bics.graphml,33,Super Trees,35.685,170.913,0.7942,0.5,10.1875
Biznet.graphml,28,Beacon Nodes,22.0377,152.9319,0.7608,0.0417,13.4375
Biznet.graphml,28,Global Controller,23.6546,145.3142,0.6942,0.0417,13.4375
Biznet.graphml,28,PrioList,21.4229,154.0079,0.8225,0.0,13.4375
Biznet.graphml,28,Simple Decomposition,21.4182,145.7289,0.8246,0.0,13.4375
Biznet.graphml,28,Super Trees,23.0036,123.3416,0.6579,0.0417,13.1458
BsonetEurope.graphml,14,Beacon Nodes,8.9566,114.7205,0.8946,0.0,5.3125
BsonetEurope.graphml,14,Global Controller,13.1531,112.3783,0.8912,0.0,5.3125
BsonetEurope.graphml,14,PrioList,8.8189,106.2337,0.9067,0.0,5.3125
BsonetEurope.graphml,14,Simple Decomposition,8.6539,107.6319,0.9033,0.0,5.3125
BsonetEurope.graphml,14,Super Trees,9.3329,87.009,0.7171,0.125,6.0208
BtAsiaPac.graphml,15,Beacon Nodes,9.2947,112.4488,0.8862,0.0,4.3333
BtAsiaPac.graphml,15,Global Controller,10.106,116.108,0.8883,0.0,4.3333
BtAsiaPac.graphml,15,PrioList,9.0346,108.664,0.9,0.0,4.3333
BtAsiaPac.graphml,15,Simple Decomposition,9.3004,108.0784,0.9125,0.0,4.3333
BtAsiaPac.graphml,15,Super Trees,10.302,84.4299,0.6888,0.0833,4.6042
BtNorthAmerica.graphml,33,Beacon Nodes,74.0973,291.3918,0.9908,0.0,8.75
BtNorthAmerica.graphml,33,Global Controller,80.5332,291.3668,0.9746,0.0417,8.75
BtNorthAmerica.graphml,33,PrioList,74.9048,284.1454,0.9938,0.0,8.75
BtNorthAmerica.graphml,33,Simple Decomposition,75.2928,282.0282,0.9892,0.0,8.75
BtNorthAmerica.graphml,33,Super Trees,75.8275,269.63,0.9838,0.0833,8.4375
Canerie.graphml,24,Beacon Nodes,19.5615,158.8143,0.9012,0.0833,6.875
Canerie.graphml,24,Global Controller,22.7745,164.7176,0.8842,0.1875,6.875
Canerie.graphml,24,PrioList,19.1798,160.4174,0.9221,0.0417,6.875
Canerie.graphml,24,Simple Decomposition,20.8699,158.2471,0.9038,0.0417,6.875
Canerie.graphml,24,Super Trees,18.918,137.3465,0.7662,0.5208,7.9792
Carnet.graphml,41,Beacon Nodes,4.6697,136.7663,0.7196,0.0,4.6667
Carnet.graphml,41,Global Controller,6.8332,136.0043,0.7367,0.0,4.6667
Carnet.graphml,41,PrioList,4.1213,131.1446,0.7358,0.0,4.6667
Carnet.graphml,41,Simple Decomposition,4.0462,133.0748,0.7317,0.0,4.6667
Carnet.graphml,41,Super Trees,6.0506,130.6222,0.725,0.0,4.6667
Cernet.graphml,36,Beacon Nodes,50.2468,234.6547,0.945,0.0417,6.9792
Cernet.graphml,36,Global Controller,56.19,237.5178,0.9425,0.0417,6.9792
Cernet.graphml,36,PrioList,50.9326,222.9019,0.9383,0.0,6.9792
Cernet.graphml,36,Simple Decomposition,50.6514,221.2396,0.9362,0.0,6.9792
Cernet.graphml,36,Super Trees,48.1734,210.5543,0.8688,0.3333,7.2708
Cesnet1993.graphml,9,Beacon Nodes,1.3769,71.2859,0.7958,0.0,2.9167
Cesnet1993.graphml,9,Global Controller,1.4583,72.6999,0.8046,0.0,2.9167
Cesnet1993.graphml,9,PrioList,1.2419,70.1218,0.7979,0.0,2.9167
Cesnet1993.graphml,9,Simple Decomposition,1.2317,71.2519,0.7975,0.0,2.9167
Cesnet1993.graphml,9,Super Trees,1.7553,71.8654,0.8046,0.0,2.9167
Cesnet1999.graphml,11,Beacon Nodes,1.8999,79.6576,0.7867,0.0,2.8333
Cesnet1999.graphml,11,Global Controller,2.0483,79.2659,0.7833,0.0,2.8333
Cesnet1999.graphml,11,PrioList,1.7147,71.8194,0.8062,0.0,2.8333
Cesnet1999.graphml,11,Simple Decomposition,1.6919,73.8713,0.8033,0.0,2.8333
Cesnet1999.graphml,11,Super Trees,2.3836,75.2718,0.8017,0.0,2.8333
Cesnet2001.graphml,20,Beacon Nodes,4.5509,103.873,0.78,0.0,3.25
Cesnet2001.graphml,20,Global Controller,5.2361,100.6719,0.7854,0.0,3.25
Cesnet2001.graphml,20,PrioList,4.3086,88.5301,0.7704,0.0,3.25
Cesnet2001.graphml,20,Simple Decomposition,4.3926,93.6951,0.7908,0.0,3.25
Cesnet2001.graphml,20,Super Trees,5.2862,88.9797,0.7204,0.1667,3.8333
Cesnet200304.graphml,26,Beacon Nodes,11.6959,129.6328,0.8042,0.0,5.6667
Cesnet200304.graphml,26,Global Controller,12.7442,129.6826,0.8058,0.0,5.6667
Cesnet200304.graphml,26,PrioList,11.4478,124.7002,0.8217,0.0,5.6667
Cesnet200304.graphml,26,Simple Decomposition,11.3565,125.6724,0.8054,0.0,5.6667
Cesnet200304.graphml,26,Super Trees,12.1804,120.6694,0.7717,0.125,6.8333
Cesnet200511.graphml,34,Beacon Nodes,13.8401,147.346,0.7658,0.0,5.6667
Cesnet200511.graphml,34,Global Controller,15.5684,141.1743,0.7596,0.0,5.6667
Cesnet200511.graphml,34,PrioList,13.4347,140.3079,0.7646,0.0,5.6667
Cesnet200511.graphml,34,Simple Decomposition,13.32,139.8278,0.7821,0.0,5.6667
Cesnet200511.graphml,34,Super Trees,14.6824,124.505,0.6783,0.3958,6.8125
Cesnet200603.graphml,34,Beacon Nodes,17.3168,148.9231,0.7733,0.0,5.5833
Cesnet200603.graphml,34,Global Controller,17.8464,149.9228,0.7646,0.0,5.5833
Cesnet200603.graphml,34,PrioList,15.9471,143.7536,0.7875,0.0,5.5833
Cesnet200603.graphml,34,Simple Decomposition,19.061,148.7338,0.7588,0.0,5.5833
Cesnet200603.graphml,34,Super Trees,17.0053,128.4094,0.6754,0.3333,6.8958
Cesnet200706.graphml,38,Beacon Nodes,10.4243,144.1486,0.7442,0.0,5.1042
Cesnet200706.graphml,38,Global Controller,12.788,147.2409,0.745,0.0,5.1042
Cesnet200706.graphml,38,PrioList,9.7486,137.9996,0.7583,0.0,5.1042
Cesnet200706.graphml,38,Simple Decomposition,9.6966,137.4268,0.7292,0.0,5.1042
Cesnet200706.graphml,38,Super Trees,13.6532,129.1835,0.6583,0.3542,6.6875
Cesnet201006.graphml,45,Beacon Nodes,28.3528,187.3904,0.7829,0.0,6.9583
Cesnet201006.graphml,45,Global Controller,33.3894,197.1265,0.7625,0.0,6.9583
Cesnet201006.graphml,45,PrioList,28.6225,179.2928,0.7717,0.0,6.9583
Cesnet201006.graphml,45,Simple Decomposition,28.6863,182.1309,0.7921,0.0,6.9583
Cesnet201006.graphml,45,Super Trees,34.8569,170.9213,0.6712,0.3125,8.8125
Chinanet.graphml,38,Beacon Nodes,29.4274,193.6938,0.8488,0.0,4.125
Chinanet.graphml,38,Global Controller,32.6714,193.119,0.8571,0.0,4.125
Chinanet.graphml,38,PrioList,29.2901,176.6814,0.8492,0.0,4.125
Chinanet.graphml,38,Simple Decomposition,32.7735,185.4942,0.8442,0.0,4.125
Chinanet.graphml,38,Super Trees,30.8813,180.6506,0.7833,0.3333,6.0
Claranet.graphml,15,Beacon Nodes,7.2963,111.3266,0.8554,0.0,4.1875
Claranet.graphml,15,Global Controller,7.4961,107.6876,0.8608,0.0,4.1875
Claranet.graphml,15,PrioList,7.0765,103.1264,0.8775,0.0,4.1875
Claranet.graphml,15,Simple Decomposition,8.9867,109.7628,0.8721,0.0,4.1875
Claranet.graphml,15,Super Trees,7.2489,88.939,0.7163,0.1667,4.875
Compuserve.graphml,11,Beacon Nodes,6.8883,109.1868,0.9604,0.0,6.2083
Compuserve.graphml,11,Global Controller,7.1522,113.148,0.9458,0.0208,6.2083
Compuserve.graphml,11,PrioList,6.9016,113.1779,0.9725,0.0,6.2083
Compuserve.graphml,11,Simple Decomposition,6.59,103.5645,0.9721,0.0,6.2083
Compuserve.graphml,11,Super Trees,7.2385,94.3226,0.7954,0.0,5.1458
CrlNetworkServices.graphml,33,Beacon Nodes,29.3911,173.6087,0.8433,0.0,13.9167
CrlNetworkServices.graphml,33,Global Controller,33.2919,174.5284,0.7625,0.0,13.9167
CrlNetworkServices.graphml,33,PrioList,28.8485,166.1589,0.8688,0.0417,13.9167
CrlNetworkServices.graphml,33,Simple Decomposition,30.6656,172.1342,0.8783,0.0,13.9167
CrlNetworkServices.graphml,33,Super Trees,30.2385,154.7198,0.73,0.2609,14.7292
Cwix.graphml,23,Beacon Nodes,19.3374,143.3568,0.8533,0.0,8.25
Cwix.graphml,23,Global Controller,18.8188,144.6969,0.8321,0.0,8.25
Cwix.graphml,23,PrioList,16.8878,141.9432,0.9046,0.0,8.25
Cwix.graphml,23,Simple Decomposition,16.7825,143.692,0.8904,0.0,8.25
Cwix.graphml,23,Super Trees,17.7295,115.1062,0.7025,0.125,9.9167
Darkstrand.graphml,28,Beacon Nodes,21.867,155.0587,0.8238,0.0,13.9167
Darkstrand.graphml,28,Global Controller,25.2548,150.6653,0.7254,0.0208,13.9167
Darkstrand.graphml,28,PrioList,22.1929,155.4612,0.8438,0.0,13.9167
Darkstrand.graphml,28,Simple Decomposition,21.2705,150.5214,0.8571,0.0,13.9167
Darkstrand.graphml,28,Super Trees,22.5858,146.0503,0.8567,0.0,16.3333
Dataxchange.graphml,6,Beacon Nodes,3.7084,91.5593,0.9533,0.0,1.8762
Dataxchange.graphml,6,Global Controller,3.8218,90.541,0.9562,0.0,1.8762
Dataxchange.graphml,6,PrioList,3.6156,97.3856,0.9583,0.0,1.8762
Dataxchange.graphml,6,Simple Decomposition,3.7428,88.218,0.9512,0.0,1.8762
Dataxchange.graphml,6,Super Trees,3.3713,84.8604,0.9046,0.2083,2.5833
Dfn.graphml,51,Beacon Nodes,107.1911,363.9117,0.9729,0.0417,13.4167
Dfn.graphml,51,Global Controller,109.5221,355.3518,0.9483,0.0625,13.4167
Dfn.graphml,51,PrioList,108.3039,355.2733,0.9708,0.0417,13.4167
Dfn.graphml,51,Simple Decomposition,103.3433,338.7116,0.9779,0.0,13.4167
Dfn.graphml,51,Super Trees,101.8632,322.2558,0.9283,0.5,13.5417
Digex.graphml,31,Beacon Nodes,26.5554,173.4685,0.8,0.0,11.6458
Digex.graphml,31,Global Controller,28.7321,164.0438,0.7208,0.0,11.6458
Digex.graphml,31,PrioList,27.9895,165.9221,0.8683,0.0,11.6458
Digex.graphml,31,Simple Decomposition,26.8517,160.8626,0.8796,0.0,11.6458
Digex.graphml,31,Super Trees,27.5186,138.5193,0.6962,0.1875,12.8542
Eenet.graphml,12,Beacon Nodes,2.2717,78.8885,0.7788,0.0,4.2292
Eenet.graphml,12,Global Controller,2.8001,81.0026,0.7804,0.0,4.2292
Eenet.graphml,12,PrioList,2.3432,81.3646,0.7804,0.0,4.2292
Eenet.graphml,12,Simple Decomposition,2.0233,73.836,0.7904,0.0,4.2292
Eenet.graphml,12,Super Trees,2.6183,75.2969,0.7367,0.125,4.5
EliBackbone.graphml,20,Beacon Nodes,23.6442,160.8445,0.97,0.1042,9.0833
EliBackbone.graphml,20,Global Controller,25.9945,165.8284,0.9496,0.1667,9.0833
EliBackbone.graphml,20,PrioList,23.1154,160.2924,0.9867,0.0,9.0833
EliBackbone.graphml,20,Simple Decomposition,23.3052,154.6256,0.9804,0.0,9.0833
EliBackbone.graphml,20,Super Trees,22.7166,137.8839,0.9129,0.2917,10.4375
Epoch.graphml,6,Beacon Nodes,2.794,86.9407,0.9575,0.0,2.8046
Epoch.graphml,6,Global Controller,2.5945,81.2384,0.9533,0.0,2.8046
Epoch.graphml,6,PrioList,2.553,82.3186,0.9729,0.0,2.8046
Epoch.graphml,6,Simple Decomposition,2.4567,79.3599,0.9758,0.0,2.8046
Epoch.graphml,6,Super Trees,2.9773,68.3685,0.7896,0.0,2.8888
Ernet.graphml,16,Beacon Nodes,5.2088,96.1633,0.8029,0.0,3.5283
Ernet.graphml,16,Global Controller,5.4808,90.9872,0.8062,0.0417,3.5283
Ernet.graphml,16,PrioList,6.0674,92.9733,0.8188,0.0,3.5283
Ernet.graphml,16,Simple Decomposition,7.064,92.673,0.8017,0.0,3.5283
Ernet.graphml,16,Super Trees,5.8071,70.6833,0.6267,0.0417,4.8125
Evolink.graphml,32,Beacon Nodes,17.5422,144.0674,0.7675,0.0,10.4375
Evolink.graphml,32,Global Controller,19.2215,144.2061,0.7433,0.0,10.4375
Evolink.graphml,32,PrioList,17.6143,136.9707,0.7817,0.0,10.4375
Evolink.graphml,32,Simple Decomposition,19.564,140.6388,0.7904,0.0,10.4375
Evolink.graphml,32,Super Trees,18.2452,131.3939,0.715,0.1458,10.9792
Fccn.graphml,23,Beacon Nodes,6.4921,111.0908,0.7842,0.0417,4.5
Fccn.graphml,23,Global Controller,7.7776,106.2273,0.7683,0.125,4.5
Fccn.graphml,23,PrioList,6.3018,102.2978,0.78,0.25,4.5
Fccn.graphml,23,Simple Decomposition,6.0246,101.3942,0.7758,0.25,4.5
Fccn.graphml,23,Super Trees,7.3104,97.7841,0.7363,0.2708,5.0
Forthnet.graphml,60,Beacon Nodes,7.4844,173.4978,0.7133,0.0,5.4167
Forthnet.graphml,60,Global Controller,11.3616,174.7251,0.7375,0.0,5.4167
Forthnet.graphml,60,PrioList,6.975,159.2867,0.7196,0.0,5.4167
Forthnet.graphml,60,Simple Decomposition,6.898,164.6344,0.7325,0.0,5.4167
Forthnet.graphml,60,Super Trees,9.7582,171.9893,0.7192,0.0,5.4167
Funet.graphml,24,Beacon Nodes,17.4142,130.7084,0.7971,0.0,12.4375
Funet.graphml,24,Global Controller,16.2234,123.8108,0.7558,0.0,12.4375
Funet.graphml,24,PrioList,15.2474,129.6046,0.8458,0.0,12.4375
Funet.graphml,24,Simple Decomposition,14.7422,127.5258,0.835,0.0,12.4375
Funet.graphml,24,Super Trees,15.8902,119.3231,0.7562,0.1667,13.5208
Gambia.graphml,12,Beacon Nodes,3.8535,78.3505,0.8092,0.0,3.6667
Gambia.graphml,12,Global Controller,3.9174,80.1184,0.79,0.0,3.6667
Gambia.graphml,12,PrioList,3.7,82.3354,0.8308,0.0,3.6667
Gambia.graphml,12,Simple Decomposition,4.6581,84.0325,0.84,0.0,3.6667
Gambia.graphml,12,Super Trees,3.8719,73.7337,0.7267,0.0,4.625
Garr199901.graphml,16,Beacon Nodes,4.8067,91.3972,0.8042,0.0,2.75
Garr199901.graphml,16,Global Controller,5.2763,94.5934,0.8146,0.0,2.75
Garr199901.graphml,16,PrioList,7.0193,85.473,0.7938,0.0,2.75
Garr199901.graphml,16,Simple Decomposition,4.4524,87.7277,0.8154,0.0,2.75
Garr199901.graphml,16,Super Trees,5.355,78.7085,0.6621,0.0833,3.5554
Garr199904.graphml,16,Beacon Nodes,4.545,86.2458,0.7883,0.0,2.7917
Garr199904.graphml,16,Global Controller,5.1902,91.4948,0.805,0.0,2.7917
Garr199904.graphml,16,PrioList,4.1415,83.4894,0.8054,0.0,2.7917
Garr199904.graphml,16,Simple Decomposition,4.2922,86.8866,0.8017,0.0,2.7917
Garr199904.graphml,16,Super Trees,5.1912,75.3527,0.6408,0.1667,3.7917
Garr199905.graphml,16,Beacon Nodes,5.1441,92.124,0.8138,0.0,2.75
Garr199905.graphml,16,Global Controller,5.4696,91.2773,0.8146,0.0,2.75
Garr199905.graphml,16,PrioList,4.8269,85.516,0.7962,0.0,2.75
Garr199905.graphml,16,Simple Decomposition,4.6681,86.2515,0.8004,0.0,2.75
Garr199905.graphml,16,Super Trees,5.4331,75.6972,0.6675,0.2292,3.6108
Garr200109.graphml,16,Beacon Nodes,4.5739,91.925,0.7958,0.0,2.7917
Garr200109.graphml,16,Global Controller,5.1268,91.0416,0.8088,0.0,2.7917
Garr200109.graphml,16,PrioList,5.5712,86.8442,0.7825,0.0,2.7917
Garr200109.graphml,16,Simple Decomposition,4.4231,88.0076,0.8,0.0,2.7917
Garr200109.graphml,16,Super Trees,5.2438,73.6316,0.6458,0.25,3.8054
Garr200112.graphml,18,Beacon Nodes,5.3687,96.5922,0.8138,0.0,2.7917
Garr200112.graphml,18,Global Controller,6.0395,96.9489,0.8046,0.0,2.7917
Garr200112.graphml,18,PrioList,5.0573,87.7125,0.8033,0.0,2.7917
Garr200112.graphml,18,Simple Decomposition,5.1085,92.1188,0.7988,0.0,2.7917
Garr200112.graphml,18,Super Trees,6.0947,77.5409,0.6358,0.1875,4.0138
Garr200212.graphml,18,Beacon Nodes,4.1711,86.9469,0.7833,0.0,3.2708
Garr200212.graphml,18,Global Controller,4.6394,91.6994,0.7842,0.0,3.2708
Garr200212.graphml,18,PrioList,4.1885,87.2396,0.7837,0.0,3.2708
Garr200212.graphml,18,Simple Decomposition,3.7431,90.4535,0.7758,0.0,3.2708
Garr200212.graphml,18,Super Trees,4.9463,81.3424,0.665,0.0417,3.8958
Garr200404.graphml,16,Beacon Nodes,5.6865,91.4591,0.7938,0.0,2.8333
Garr200404.graphml,16,Global Controller,4.5975,93.8092,0.8017,0.0,2.8333
Garr200404.graphml,16,PrioList,3.9421,84.5168,0.795,0.0,2.8333
Garr200404.graphml,16,Simple Decomposition,3.9739,87.9977,0.7946,0.0,2.8333
Garr200404.graphml,16,Super Trees,4.8442,76.3204,0.6875,0.2083,3.7083
Garr200902.graphml,42,Beacon Nodes,49.3342,212.9653,0.8362,0.0,6.8542
Garr200902.graphml,42,Global Controller,51.162,219.071,0.8296,0.0,6.8542
Garr200902.graphml,42,PrioList,46.3428,208.8939,0.8342,0.0,6.8542
Garr200902.graphml,42,Simple Decomposition,43.8796,206.4322,0.84,0.0,6.8542
Garr200902.graphml,42,Super Trees,47.1523,183.6291,0.6954,0.2083,7.7292
Garr200908.graphml,42,Beacon Nodes,44.209,216.317,0.8396,0.0,6.5417
Garr200908.graphml,42,Global Controller,47.1969,211.534,0.8308,0.0,6.5417
Garr200908.graphml,42,PrioList,47.0189,207.33,0.8558,0.0417,6.5417
Garr200908.graphml,42,Simple Decomposition,42.2888,199.148,0.8367,0.0417,6.5417
Garr200908.graphml,42,Super Trees,42.8651,192.5469,0.725,0.25,8.4167
Garr200909.graphml,42,Beacon Nodes,39.4291,202.1515,0.8092,0.0,6.4792
Garr200909.graphml,42,Global Controller,40.853,204.4319,0.8004,0.0,6.4792
Garr200909.graphml,42,PrioList,36.6595,189.8169,0.7946,0.0,6.4792
Garr200909.graphml,42,Simple Decomposition,37.4057,191.9625,0.8067,0.0,6.4792
Garr200909.graphml,42,Super Trees,37.1057,170.7859,0.6746,0.25,8.1042
Garr200912.graphml,42,Beacon Nodes,38.7018,206.9037,0.8158,0.0,6.7083
Garr200912.graphml,42,Global Controller,43.143,211.8822,0.8138,0.0417,6.7083
Garr200912.graphml,42,PrioList,37.0569,197.7642,0.815,0.0,6.7083
Garr200912.graphml,42,Simple Decomposition,40.867,207.054,0.8175,0.0,6.7083
Garr200912.graphml,42,Super Trees,38.8458,189.088,0.7687,0.25,8.6042
Garr201001.graphml,42,Beacon Nodes,33.8173,204.8007,0.7746,0.0417,6.9792
Garr201001.graphml,42,Global Controller,37.5715,206.9052,0.7846,0.0417,6.9792
Garr201001.graphml,42,PrioList,35.9273,196.3788,0.7879,0.0,6.9792
Garr201001.graphml,42,Simple Decomposition,34.5577,196.5491,0.7925,0.0,6.9792
Garr201001.graphml,42,Super Trees,34.8159,170.9064,0.6442,0.7917,8.375
Garr201003.graphml,42,Beacon Nodes,34.5163,213.0638,0.8108,0.0417,6.5417
Garr201003.graphml,42,Global Controller,37.6362,212.0332,0.8342,0.0833,6.5417
Garr201003.graphml,42,PrioList,34.3212,207.2998,0.8304,0.0,6.5417
Garr201003.graphml,42,Simple Decomposition,36.3773,206.076,0.8221,0.0,6.5417
Garr201003.graphml,42,Super Trees,36.6765,194.4708,0.7654,0.2083,8.3542
Garr201004.graphml,42,Beacon Nodes,41.5083,220.0717,0.8537,0.0,6.4583
Garr201004.graphml,42,Global Controller,47.7234,224.9636,0.8304,0.0,6.4583
Garr201004.graphml,42,PrioList,40.9929,219.0222,0.8521,0.0,6.4583
Garr201004.graphml,42,Simple Decomposition,49.4507,221.7857,0.8433,0.0,6.4583
Garr201004.graphml,42,Super Trees,44.0007,190.3381,0.6717,0.3333,8.1458
Garr201005.graphml,43,Beacon Nodes,35.6803,204.1974,0.7925,0.0,6.7083
Garr201005.graphml,43,Global Controller,40.1526,205.8426,0.7708,0.0,6.7083
Garr201005.graphml,43,PrioList,36.7429,197.0822,0.77,0.0,6.7083
Garr201005.graphml,43,Simple Decomposition,37.4371,193.7167,0.7792,0.0,6.7083
Garr201005.graphml,43,Super Trees,37.2972,183.5275,0.6629,0.5,8.8542
Garr201007.graphml,43,Beacon Nodes,38.6737,214.5033,0.7908,0.0,6.9583
Garr201007.graphml,43,Global Controller,40.1468,217.3043,0.7946,0.0,6.9583
Garr201007.graphml,43,PrioList,38.6174,206.5058,0.8133,0.0,6.9583
Garr201007.graphml,43,Simple Decomposition,39.6724,204.4602,0.8004,0.0,6.9583
Garr201007.graphml,43,Super Trees,38.3598,190.1086,0.6967,0.1667,8.6042
Garr201008.graphml,43,Beacon Nodes,32.9868,201.968,0.8075,0.0,6.625
Garr201008.graphml,43,Global Controller,37.7634,215.4082,0.7812,0.0,6.625
Garr201008.graphml,43,PrioList,30.0655,190.1422,0.7837,0.0,6.625
Garr201008.graphml,43,Simple Decomposition,30.509,192.7224,0.7846,0.0,6.625
Garr201008.graphml,43,Super Trees,34.0682,176.3225,0.6721,0.375,7.8333
Garr201010.graphml,44,Beacon Nodes,34.1273,206.7793,0.7921,0.0,6.5417
Garr201010.graphml,44,Global Controller,37.552,205.3614,0.7942,0.0,6.5417
Garr201010.graphml,44,PrioList,33.4235,199.065,0.7929,0.0,6.5417
Garr201010.graphml,44,Simple Decomposition,33.9708,197.5458,0.8017,0.0,6.5417
Garr201010.graphml,44,Super Trees,35.7889,187.0045,0.6775,0.2917,8.5625
Garr201012.graphml,44,Beacon Nodes,37.1815,211.8222,0.7796,0.0,6.5833
Garr201012.graphml,44,Global Controller,41.7512,215.7524,0.7842,0.0,6.5833
Garr201012.graphml,44,PrioList,38.6874,207.4117,0.8021,0.0,6.5833
Garr201012.graphml,44,Simple Decomposition,36.4738,209.3741,0.7971,0.0,6.5833
Garr201012.graphml,44,Super Trees,43.9877,188.1807,0.635,0.3958,8.5833
Garr201101.graphml,44,Beacon Nodes,51.2551,239.9482,0.8167,0.0,7.25
Garr201101.graphml,44,Global Controller,53.0002,246.8801,0.8246,0.0417,7.25
Garr201101.graphml,44,PrioList,50.0385,227.4562,0.8317,0.0,7.25
Garr201101.graphml,44,Simple Decomposition,50.6409,233.6713,0.8292,0.0,7.25
Garr201101.graphml,44,Super Trees,54.394,206.6876,0.6783,0.2917,8.1042
Garr201102.graphml,45,Beacon Nodes,35.5555,209.7456,0.7733,0.0,6.4375
Garr201102.graphml,45,Global Controller,36.9352,211.0618,0.77,0.0,6.4375
Garr201102.graphml,45,PrioList,32.7982,193.1075,0.7717,0.0,6.4375
Garr201102.graphml,45,Simple Decomposition,37.3299,203.1002,0.7692,0.0,6.4375
Garr201102.graphml,45,Super Trees,36.816,173.4502,0.5717,0.4583,8.3125
Garr201103.graphml,46,Beacon Nodes,34.1668,206.8702,0.7738,0.0,6.4583
Garr201103.graphml,46,Global Controller,31.3907,208.0215,0.7579,0.0,6.4583
Garr201103.graphml,46,PrioList,26.8217,195.7952,0.7646,0.0,6.4583
Garr201103.graphml,46,Simple Decomposition,31.1703,190.0992,0.7558,0.0,6.4583
Garr201103.graphml,46,Super Trees,32.818,198.2518,0.6925,0.4375,9.2917
Garr201104.graphml,47,Beacon Nodes,36.7765,216.656,0.7383,0.0,6.6458
Garr201104.graphml,47,Global Controller,39.3408,217.63,0.7163,0.0,6.6458
Garr201104.graphml,47,PrioList,36.4118,214.4625,0.7738,0.0,6.6458
Garr201104.graphml,47,Simple Decomposition,34.6119,218.8313,0.7783,0.0,6.6458
Garr201104.graphml,47,Super Trees,39.6919,192.845,0.6412,0.3542,8.75
Garr201105.graphml,47,Beacon Nodes,38.6471,224.1487,0.7988,0.0,6.8333
Garr201105.graphml,47,Global Controller,44.0937,234.1483,0.8112,0.0,6.8333
Garr201105.graphml,47,PrioList,37.606,221.8527,0.815,0.0,6.8333
Garr201105.graphml,47,Simple Decomposition,40.351,221.028,0.8221,0.0,6.8333
Garr201105.graphml,47,Super Trees,38.9505,210.5931,0.7363,0.25,8.4375
Garr201107.graphml,47,Beacon Nodes,49.8076,236.6004,0.8367,0.0,7.1875
Garr201107.graphml,47,Global Controller,50.8773,233.7502,0.8388,0.0,7.1875
Garr201107.graphml,47,PrioList,47.7238,233.3252,0.8458,0.0,7.1875
Garr201107.graphml,47,Simple Decomposition,47.4049,223.5034,0.8412,0.0,7.1875
Garr201107.graphml,47,Super Trees,50.1891,241.1774,0.8171,0.3333,9.1667
Garr201108.graphml,47,Beacon Nodes,46.0028,231.393,0.7929,0.0,6.6667
Garr201108.graphml,47,Global Controller,45.6896,226.7111,0.7988,0.0,6.6667
Garr201108.graphml,47,PrioList,42.709,225.5954,0.805,0.0,6.6667
Garr201108.graphml,47,Simple Decomposition,41.0522,222.3568,0.8112,0.0,6.6667
Garr201108.graphml,47,Super Trees,43.8374,198.5806,0.6875,0.3542,7.9167
Garr201109.graphml,47,Beacon Nodes,49.15,232.8058,0.815,0.0,7.3333
Garr201109.graphml,47,Global Controller,53.5129,234.3074,0.8221,0.0,7.3333
Garr201109.graphml,47,PrioList,45.8737,222.7759,0.8204,0.0,7.3333
Garr201109.graphml,47,Simple Decomposition,45.9634,220.6469,0.8079,0.0,7.3333
Garr201109.graphml,47,Super Trees,51.4419,205.6829,0.6871,0.2917,8.5833
Garr201110.graphml,47,Beacon Nodes,41.4981,225.9049,0.7842,0.0,6.7292
Garr201110.graphml,47,Global Controller,46.4109,223.4056,0.7567,0.0417,6.7292
Garr201110.graphml,47,PrioList,42.5848,213.3255,0.7662,0.0,6.7292
Garr201110.graphml,47,Simple Decomposition,41.7457,219.974,0.8004,0.0,6.7292
Garr201110.graphml,47,Super Trees,43.6637,200.2205,0.6604,0.5,8.6875
Garr201111.graphml,47,Beacon Nodes,34.7213,218.389,0.79,0.0,6.7292
Garr201111.graphml,47,Global Controller,39.9391,218.334,0.7904,0.0417,6.7292
Garr201111.graphml,47,PrioList,39.3835,214.3714,0.7962,0.0,6.7292
Garr201111.graphml,47,Simple Decomposition,35.532,205.4816,0.785,0.0,6.7292
Garr201111.graphml,47,Super Trees,38.4619,193.6759,0.67,0.4167,8.8333
Garr201112.graphml,48,Beacon Nodes,35.6374,215.0698,0.7771,0.0417,7.1667
Garr201112.graphml,48,Global Controller,38.2785,220.4327,0.7879,0.0833,7.1667
Garr201112.graphml,48,PrioList,36.1034,201.578,0.7758,0.0,7.1667
Garr201112.graphml,48,Simple Decomposition,33.0097,205.3823,0.7875,0.0,7.1667
Garr201112.graphml,48,Super Trees,36.3322,190.3011,0.6642,0.7917,9.2083
Garr201201.graphml,48,Beacon Nodes,32.1538,217.1098,0.7658,0.0,7.0
Garr201201.graphml,48,Global Controller,35.7193,214.6141,0.7629,0.0,7.0
Garr201201.graphml,48,PrioList,31.2045,201.2188,0.75,0.0,7.0
Garr201201.graphml,48,Simple Decomposition,32.3611,204.0559,0.7642,0.0,7.0
Garr201201.graphml,48,Super Trees,33.3205,191.1487,0.6575,0.2708,9.2708
Geant2001.graphml,27,Beacon Nodes,22.9743,163.9801,0.7992,0.0833,7.2708
Geant2001.graphml,27,Global Controller,25.7378,165.9937,0.8238,0.0833,7.2708
Geant2001.graphml,27,PrioList,23.1223,156.6436,0.8529,0.0,7.2708
Geant2001.graphml,27,Simple Decomposition,25.2512,169.9592,0.8412,0.0,7.2708
Geant2001.graphml,27,Super Trees,23.525,138.1646,0.7233,0.25,7.8958
Geant2009.graphml,34,Beacon Nodes,46.0599,234.1913,0.9229,0.0417,11.875
Geant2009.graphml,34,Global Controller,49.1093,230.6145,0.9054,0.0417,11.875
Geant2009.graphml,34,PrioList,48.3514,229.2968,0.9221,0.0417,11.875
Geant2009.graphml,34,Simple Decomposition,46.5125,230.858,0.9275,0.0,11.875
Geant2009.graphml,34,Super Trees,46.8157,221.0075,0.8654,0.5208,11.0417
Geant2010.graphml,37,Beacon Nodes,62.0448,257.6614,0.9221,0.1042,12.1042
Geant2010.graphml,37,Global Controller,66.0144,251.1108,0.9096,0.1667,12.1042
Geant2010.graphml,37,PrioList,61.3088,249.1393,0.9221,0.0,12.1042
Geant2010.graphml,37,Simple Decomposition,68.132,247.9271,0.9242,0.0,12.1042
Geant2010.graphml,37,Super Trees,60.5776,227.1621,0.8258,0.5417,11.4167
Geant2012.graphml,37,Beacon Nodes,70.2473,259.1638,0.9092,0.0417,11.125
Geant2012.graphml,37,Global Controller,67.3242,260.109,0.8971,0.0,11.125
Geant2012.graphml,37,PrioList,65.462,254.6939,0.9221,0.0417,11.125
Geant2012.graphml,37,Simple Decomposition,66.5528,250.5376,0.9175,0.0,11.125
Geant2012.graphml,37,Super Trees,60.2994,243.9426,0.8754,0.4167,12.0417
Getnet.graphml,7,Beacon Nodes,2.6829,81.8323,0.8896,0.0,2.8396
Getnet.graphml,7,Global Controller,2.8571,79.0137,0.8958,0.0,2.8396
Getnet.graphml,7,PrioList,3.8642,80.0443,0.9033,0.0,2.8396
Getnet.graphml,7,Simple Decomposition,3.8663,78.8319,0.9017,0.0,2.8396
Getnet.graphml,7,Super Trees,3.0343,61.4553,0.7008,0.0417,2.9792
Globalcenter.graphml,9,Beacon Nodes,15.4406,131.1429,0.9983,0.0,1.67
Globalcenter.graphml,9,Global Controller,15.8586,131.2447,0.9992,0.0,1.67
Globalcenter.graphml,9,PrioList,13.1524,124.1502,0.9979,0.0,1.67
Globalcenter.graphml,9,Simple Decomposition,13.3314,119.4576,0.9983,0.0,1.67
Globalcenter.graphml,9,Super Trees,13.5509,116.4256,0.9979,0.125,2.785
Goodnet.graphml,17,Beacon Nodes,11.0153,120.5948,0.8829,0.0,3.7083
Goodnet.graphml,17,Global Controller,12.2607,121.9178,0.8875,0.0,3.7083
Goodnet.graphml,17,PrioList,10.6442,117.3262,0.8625,0.0,3.7083
Goodnet.graphml,17,Simple Decomposition,10.892,117.521,0.8854,0.0,3.7083
Goodnet.graphml,17,Super Trees,11.9798,115.3483,0.8179,0.4375,5.5833
Grena.graphml,13,Beacon Nodes,2.2562,70.9588,0.6808,0.0,6.375
Grena.graphml,13,Global Controller,2.8152,74.1612,0.7058,0.0,6.375
Grena.graphml,13,PrioList,2.1493,75.1122,0.71,0.0,6.375
Grena.graphml,13,Simple Decomposition,1.9613,71.7522,0.6833,0.0,6.375
Grena.graphml,13,Super Trees,5.3072,75.5568,0.7121,0.0,6.375
Gridnet.graphml,9,Beacon Nodes,8.817,121.2433,0.9988,0.0,2.8692
Gridnet.graphml,9,Global Controller,9.1909,119.3394,0.9983,0.0,2.8692
Gridnet.graphml,9,PrioList,8.6864,114.851,0.9992,0.0,2.8692
Gridnet.graphml,9,Simple Decomposition,8.6308,118.2451,0.9988,0.0,2.8692
Gridnet.graphml,9,Super Trees,8.2318,111.2654,0.9971,0.125,4.0208
Grnet.graphml,34,Beacon Nodes,20.3226,155.9604,0.7996,0.0,5.9792
Grnet.graphml,34,Global Controller,22.6803,158.8379,0.8121,0.0,5.9792
Grnet.graphml,34,PrioList,19.9626,147.0068,0.7812,0.0,5.9792
Grnet.graphml,34,Simple Decomposition,20.8789,147.93,0.7921,0.0,5.9792
Grnet.graphml,34,Super Trees,21.118,122.1438,0.5946,0.2917,6.6112
GtsCzechRepublic.graphml,26,Beacon Nodes,3.7754,98.0963,0.5221,0.0,13.8333
GtsCzechRepublic.graphml,26,Global Controller,5.0581,96.308,0.5233,0.0,13.8333
GtsCzechRepublic.graphml,26,PrioList,3.4103,91.1607,0.5367,0.0,13.8333
GtsCzechRepublic.graphml,26,Simple Decomposition,3.2525,92.7751,0.5192,0.0,13.8333
GtsCzechRepublic.graphml,26,Super Trees,4.6828,87.1937,0.5229,0.0,13.8333
GtsHungary.graphml,25,Beacon Nodes,12.9654,123.7219,0.7988,0.0,6.5833
GtsHungary.graphml,25,Global Controller,13.7486,125.7124,0.7908,0.0,6.5833
GtsHungary.graphml,25,PrioList,12.5852,117.4693,0.8238,0.0,6.5833
GtsHungary.graphml,25,Simple Decomposition,12.1395,126.1524,0.8192,0.0,6.5833
GtsHungary.graphml,25,Super Trees,14.8395,100.2241,0.6354,0.2917,7.9167
GtsPoland.graphml,26,Beacon Nodes,12.6753,124.7376,0.7421,0.0,8.3125
GtsPoland.graphml,26,Global Controller,13.7625,127.3351,0.7096,0.0,8.3125
GtsPoland.graphml,26,PrioList,12.2922,121.6652,0.7667,0.0,8.3125
GtsPoland.graphml,26,Simple Decomposition,12.3595,123.1665,0.7783,0.0,8.3125
GtsPoland.graphml,26,Super Trees,13.0808,120.3769,0.7212,0.1667,9.8333
GtsRomania.graphml,19,Beacon Nodes,8.6641,110.1085,0.8392,0.0,3.9375
GtsRomania.graphml,19,Global Controller,9.0237,122.6288,0.8358,0.0,3.9375
GtsRomania.graphml,19,PrioList,8.2699,112.0694,0.8688,0.0,3.9375
GtsRomania.graphml,19,Simple Decomposition,8.5785,112.9506,0.8525,0.0208,3.9375
GtsRomania.graphml,19,Super Trees,9.2838,102.6835,0.7433,0.125,5.0417
GtsSlovakia.graphml,28,Beacon Nodes,7.8043,117.7475,0.7658,0.0,4.6875
GtsSlovakia.graphml,28,Global Controller,9.2968,121.7782,0.7713,0.0,4.6875
GtsSlovakia.graphml,28,PrioList,7.2888,115.3394,0.7704,0.0,4.6875
GtsSlovakia.graphml,28,Simple Decomposition,7.5292,118.1198,0.775,0.0,4.6875
GtsSlovakia.graphml,28,Super Trees,8.6971,119.7692,0.7367,0.2917,5.9583
Heanet.graphml,7,Beacon Nodes,4.3421,100.0289,0.9833,0.0,2.5
Heanet.graphml,7,Global Controller,4.3103,96.9046,0.9875,0.0,2.5
Heanet.graphml,7,PrioList,4.0864,97.2599,0.9892,0.0417,2.5
Heanet.graphml,7,Simple Decomposition,4.0801,94.8497,0.9858,0.0,2.5
Heanet.graphml,7,Super Trees,4.425,84.2734,0.8717,0.125,3.0554
HiberniaCanada.graphml,10,Beacon Nodes,2.5387,78.5787,0.7812,0.0,4.5417
HiberniaCanada.graphml,10,Global Controller,2.7674,78.4305,0.7875,0.0,4.5417
HiberniaCanada.graphml,10,PrioList,2.3707,74.3492,0.7846,0.0,4.5417
HiberniaCanada.graphml,10,Simple Decomposition,2.4108,74.4333,0.7771,0.0,4.5417
HiberniaCanada.graphml,10,Super Trees,2.8273,65.9689,0.6779,0.0833,4.6667
HiberniaGlobal.graphml,53,Beacon Nodes,95.8177,332.9242,0.84,0.0,18.7292
HiberniaGlobal.graphml,53,Global Controller,106.1872,347.9108,0.8167,0.1042,18.7292
HiberniaGlobal.graphml,53,PrioList,93.9232,319.9592,0.845,0.0417,18.7292
HiberniaGlobal.graphml,53,Simple Decomposition,94.7605,321.3568,0.85,0.0417,18.7292
HiberniaGlobal.graphml,53,Super Trees,94.877,284.4808,0.7342,0.5,17.3125
HiberniaIreland.graphml,6,Beacon Nodes,2.2788,79.0146,0.9012,0.0,2.6667
HiberniaIreland.graphml,6,Global Controller,2.5061,76.7673,0.8912,0.0,2.6667
HiberniaIreland.graphml,6,PrioList,2.169,77.9561,0.9162,0.0,2.6667
HiberniaIreland.graphml,6,Simple Decomposition,2.0892,77.9426,0.9158,0.0,2.6667
HiberniaIreland.graphml,6,Super Trees,2.5826,68.666,0.8479,0.0,3.0417
HiberniaNireland.graphml,15,Beacon Nodes,5.2277,93.9872,0.7317,0.0,9.1525
HiberniaNireland.graphml,15,Global Controller,5.7864,93.12,0.7133,0.0,9.1525
HiberniaNireland.graphml,15,PrioList,4.9454,92.6819,0.7708,0.0,9.1525
HiberniaNireland.graphml,15,Simple Decomposition,5.0629,97.0631,0.7642,0.0,9.1525
HiberniaNireland.graphml,15,Super Trees,5.7636,67.3357,0.5592,0.0833,7.6458
HiberniaUk.graphml,13,Beacon Nodes,6.2113,94.229,0.7487,0.0,6.5
HiberniaUk.graphml,13,Global Controller,6.7588,88.1547,0.7325,0.0,6.5
HiberniaUk.graphml,13,PrioList,6.333,93.109,0.8279,0.0,6.5
HiberniaUk.graphml,13,Simple Decomposition,6.1125,92.1854,0.8275,0.0,6.5
HiberniaUk.graphml,13,Super Trees,6.853,92.0428,0.8112,0.0,6.5
HiberniaUs.graphml,20,Beacon Nodes,15.6162,133.041,0.8088,0.0417,9.8333
HiberniaUs.graphml,20,Global Controller,15.0531,133.1741,0.8129,0.0417,9.8333
HiberniaUs.graphml,20,PrioList,13.9192,136.1764,0.83,0.0,9.8333
HiberniaUs.graphml,20,Simple Decomposition,14.1171,134.8803,0.8317,0.0,9.8333
HiberniaUs.graphml,20,Super Trees,15.3262,106.7941,0.66,0.0417,9.1042
Highwinds.graphml,18,Beacon Nodes,18.3226,161.538,0.9404,0.0,5.2292
Highwinds.graphml,18,Global Controller,18.4255,155.3864,0.9342,0.0,5.2292
Highwinds.graphml,18,PrioList,17.3711,147.3348,0.9429,0.0,5.2292
Highwinds.graphml,18,Simple Decomposition,17.7467,150.1139,0.945,0.0,5.2292
Highwinds.graphml,18,Super Trees,17.1088,139.4717,0.8658,0.0,6.2083
HostwayInternational.graphml,16,Beacon Nodes,8.9546,123.9083,0.8596,0.0833,7.1042
HostwayInternational.graphml,16,Global Controller,9.4717,115.0869,0.8429,0.0833,7.1042
HostwayInternational.graphml,16,PrioList,8.3592,122.4871,0.8654,0.0833,7.1042
HostwayInternational.graphml,16,Simple Decomposition,9.8158,119.3684,0.8767,0.0833,7.1042
HostwayInternational.graphml,16,Super Trees,8.7233,92.4118,0.6662,0.2917,6.8333
HurricaneElectric.graphml,24,Beacon Nodes,20.2643,156.4224,0.86,0.0,5.4792
HurricaneElectric.graphml,24,Global Controller,23.9501,159.2649,0.8583,0.0,5.4792
HurricaneElectric.graphml,24,PrioList,23.3491,152.9194,0.8562,0.0,5.4792
HurricaneElectric.graphml,24,Simple Decomposition,20.3215,150.3918,0.8533,0.0,5.4792
HurricaneElectric.graphml,24,Super Trees,20.3079,139.6014,0.7788,0.4375,6.8333
Ibm.graphml,18,Beacon Nodes,15.7848,146.4971,0.9729,0.0,6.3333
Ibm.graphml,18,Global Controller,16.4218,141.4662,0.9533,0.0,6.3333
Ibm.graphml,18,PrioList,15.7741,137.0369,0.9742,0.0,6.3333
Ibm.graphml,18,Simple Decomposition,17.7303,147.5448,0.9783,0.0,6.3333
Ibm.graphml,18,Super Trees,17.1648,124.084,0.8879,0.0,8.1667
Iij.graphml,28,Beacon Nodes,47.9361,229.9208,0.9579,0.0,4.4167
Iij.graphml,28,Global Controller,48.2716,236.3588,0.9662,0.0,4.4167
Iij.graphml,28,PrioList,48.6977,224.1103,0.9688,0.0,4.4167
Iij.graphml,28,Simple Decomposition,46.0048,235.8044,0.97,0.0,4.4167
Iij.graphml,28,Super Trees,46.0892,213.4081,0.9333,0.0833,6.0833
Ilan.graphml,10,Beacon Nodes,2.9942,87.9114,0.8446,0.0,3.4167
Ilan.graphml,10,Global Controller,3.1266,88.0119,0.8375,0.0,3.4167
Ilan.graphml,10,PrioList,2.7065,86.4436,0.8304,0.0,3.4167
Ilan.graphml,10,Simple Decomposition,2.7372,81.6907,0.8521,0.0,3.4167
Ilan.graphml,10,Super Trees,3.2356,83.3992,0.8117,0.0,3.7917
Integra.graphml,27,Beacon Nodes,26.6078,174.0708,0.8954,0.0,6.7708
Integra.graphml,27,Global Controller,23.3366,168.5495,0.875,0.0417,6.7708
Integra.graphml,27,PrioList,21.944,162.4809,0.9096,0.0417,6.7708
Integra.graphml,27,Simple Decomposition,22.078,159.8388,0.9112,0.0,6.7708
Integra.graphml,27,Super Trees,21.8905,142.1962,0.755,0.1458,8.375
Internetmci.graphml,19,Beacon Nodes,21.1209,161.7783,0.9475,0.0,5.75
Internetmci.graphml,19,Global Controller,19.562,156.0684,0.9288,0.0,5.75
Internetmci.graphml,19,PrioList,18.2052,160.327,0.9421,0.0,5.75
Internetmci.graphml,19,Simple Decomposition,18.4546,155.5977,0.9488,0.0,5.75
Internetmci.graphml,19,Super Trees,18.3226,137.2287,0.9192,0.375,7.3612
Internode.graphml,20,Beacon Nodes,21.6219,160.4943,0.9621,0.0,6.5625
Internode.graphml,20,Global Controller,23.5148,175.3696,0.9538,0.0,6.5625
Internode.graphml,20,PrioList,21.8618,152.6733,0.9571,0.0,6.5625
Internode.graphml,20,Simple Decomposition,21.1513,154.571,0.9617,0.0,6.5625
Internode.graphml,20,Super Trees,21.3804,145.9736,0.9138,0.2083,7.2917
Iris.graphml,50,Beacon Nodes,63.4325,260.0779,0.8454,0.0833,11.5625
Iris.graphml,50,Global Controller,65.4237,266.6627,0.8029,0.0625,11.5625
Iris.graphml,50,PrioList,61.1822,250.7927,0.8558,0.1875,11.5625
Iris.graphml,50,Simple Decomposition,59.8138,248.689,0.8629,0.125,11.5625
Iris.graphml,50,Super Trees,58.5212,220.4287,0.7167,0.3333,12.4167
Janetlense.graphml,19,Beacon Nodes,15.6457,149.6097,0.9362,0.0,2.6042
Janetlense.graphml,19,Global Controller,16.8392,144.4992,0.9325,0.0,2.6042
Janetlense.graphml,19,PrioList,15.6667,144.5071,0.9338,0.0,2.6042
Janetlense.graphml,19,Simple Decomposition,17.2569,139.4788,0.9383,0.0,2.6042
Janetlense.graphml,19,Super Trees,18.8154,139.7933,0.855,0.0,4.3333
Jgn2Plus.graphml,11,Beacon Nodes,2.2329,77.3261,0.7325,0.0,5.375
Jgn2Plus.graphml,11,Global Controller,2.3583,69.5604,0.7388,0.0,5.375
Jgn2Plus.graphml,11,PrioList,2.097,72.088,0.7404,0.0,5.375
Jgn2Plus.graphml,11,Simple Decomposition,1.9347,71.546,0.7417,0.0,5.375
Jgn2Plus.graphml,11,Super Trees,2.641,75.7202,0.7533,0.0,5.375
Karen.graphml,23,Beacon Nodes,12.2837,128.3664,0.7854,0.0,6.5208
Karen.graphml,23,Global Controller,13.2664,127.1254,0.7929,0.0,6.5208
Karen.graphml,23,PrioList,12.3611,129.2683,0.8212,0.0,6.5208
Karen.graphml,23,Simple Decomposition,12.0783,124.9315,0.8167,0.0,6.5208
Karen.graphml,23,Super Trees,12.8741,117.062,0.7283,0.0833,7.1179
KentmanFeb2008.graphml,25,Beacon Nodes,5.0748,116.7066,0.725,0.0,4.625
KentmanFeb2008.graphml,25,Global Controller,6.9448,110.5715,0.7471,0.0,4.625
KentmanFeb2008.graphml,25,PrioList,4.6846,114.6429,0.7371,0.0,4.625
KentmanFeb2008.graphml,25,Simple Decomposition,4.7782,109.0179,0.7429,0.0,4.625
KentmanFeb2008.graphml,25,Super Trees,6.1732,100.7084,0.6508,0.0,5.1667
KentmanJul2005.graphml,16,Beacon Nodes,5.9384,104.5498,0.7887,0.0,5.25
KentmanJul2005.graphml,16,Global Controller,6.258,98.887,0.7837,0.0,5.25
KentmanJul2005.graphml,16,PrioList,5.7031,100.7881,0.8,0.0,5.25
KentmanJul2005.graphml,16,Simple Decomposition,5.8633,99.9306,0.8125,0.0,5.25
KentmanJul2005.graphml,16,Super Trees,6.3089,94.3678,0.7308,0.0417,6.0833
Kreonet.graphml,13,Beacon Nodes,1.9448,85.8032,0.8008,0.0,3.125
Kreonet.graphml,13,Global Controller,2.2981,84.7803,0.8158,0.0,3.125
Kreonet.graphml,13,PrioList,1.7083,80.6495,0.8088,0.0,3.125
Kreonet.graphml,13,Simple Decomposition,2.9672,78.4443,0.795,0.0,3.125
Kreonet.graphml,13,Super Trees,2.5739,81.4601,0.7933,0.0,3.125
Latnet.graphml,68,Beacon Nodes,23.4666,220.0066,0.6579,0.125,9.9375
Latnet.graphml,68,Global Controller,29.9552,226.2478,0.6654,0.125,9.9375
Latnet.graphml,68,PrioList,19.8564,210.0779,0.6708,0.125,9.9375
Latnet.graphml,68,Simple Decomposition,21.525,205.287,0.6546,0.125,9.9375
Latnet.graphml,68,Super Trees,24.345,220.4438,0.6329,0.25,10.8542
Layer42.graphml,6,Beacon Nodes,2.2711,78.9576,0.8958,0.0,2.4583
Layer42.graphml,6,Global Controller,2.2415,77.0029,0.9,0.0,2.4583
Layer42.graphml,6,PrioList,2.2137,76.1377,0.8983,0.0,2.4583
Layer42.graphml,6,Simple Decomposition,2.022,73.5517,0.9033,0.0,2.4583
Layer42.graphml,6,Super Trees,2.7514,57.3664,0.665,0.0417,2.3958
Litnet.graphml,39,Beacon Nodes,11.7402,149.5231,0.7438,0.0,3.7917
Litnet.graphml,39,Global Controller,14.8961,158.8998,0.7546,0.0,3.7917
Litnet.graphml,39,PrioList,13.6335,140.1311,0.7687,0.0,3.7917
Litnet.graphml,39,Simple Decomposition,10.8729,139.178,0.7575,0.0,3.7917
Litnet.graphml,39,Super Trees,13.0505,136.8557,0.6629,0.0833,4.9167
Marnet.graphml,17,Beacon Nodes,7.8361,108.4643,0.8746,0.0,2.7708
Marnet.graphml,17,Global Controller,9.7666,114.0132,0.8633,0.0,2.7708
Marnet.graphml,17,PrioList,7.4031,109.6804,0.8729,0.0,2.7708
Marnet.graphml,17,Simple Decomposition,7.4283,111.2308,0.8738,0.0,2.7708
Marnet.graphml,17,Super Trees,8.5742,96.1127,0.8146,0.0,3.8333
Marwan.graphml,6,Beacon Nodes,2.498,80.4728,0.9,0.0,3.0
Marwan.graphml,6,Global Controller,2.6264,80.4767,0.8929,0.0,3.0
Marwan.graphml,6,PrioList,2.2716,82.4781,0.9467,0.0,3.0
Marwan.graphml,6,Simple Decomposition,2.4424,82.9816,0.9421,0.0,3.0
Marwan.graphml,6,Super Trees,2.7848,81.5737,0.9408,0.0,3.0833
Myren.graphml,20,Beacon Nodes,9.0971,113.1758,0.8054,0.0,3.0417
Myren.graphml,20,Global Controller,7.0044,113.8858,0.8088,0.0,3.0417
Myren.graphml,20,PrioList,6.3372,105.3884,0.825,0.0,3.0417
Myren.graphml,20,Simple Decomposition,5.9395,100.8584,0.8167,0.0,3.0417
Myren.graphml,20,Super Trees,7.0255,94.5439,0.7479,0.0417,4.125
Napnet.graphml,6,Beacon Nodes,2.0918,81.3111,0.9025,0.0,1.945
Napnet.graphml,6,Global Controller,2.1928,79.6292,0.8888,0.0,1.945
Napnet.graphml,6,PrioList,2.0869,77.5372,0.8942,0.0,1.945
Napnet.graphml,6,Simple Decomposition,2.0075,73.817,0.9017,0.0,1.945
Napnet.graphml,6,Super Trees,2.2244,63.6241,0.7717,0.0625,2.5696
Navigata.graphml,13,Beacon Nodes,4.7615,97.5604,0.8283,0.0,3.5
Navigata.graphml,13,Global Controller,5.1565,91.7474,0.8396,0.0,3.5
Navigata.graphml,13,PrioList,4.5985,88.9546,0.83,0.0,3.5
Navigata.graphml,13,Simple Decomposition,4.5522,86.3969,0.8317,0.0,3.5
Navigata.graphml,13,Super Trees,4.9305,84.9965,0.7637,0.0,4.4375
Netrail.graphml,7,Beacon Nodes,4.2614,98.7206,0.975,0.0,2.9171
Netrail.graphml,7,Global Controller,4.3276,97.3099,0.9771,0.0,2.9171
Netrail.graphml,7,PrioList,4.1774,91.9492,0.9854,0.0,2.9171
Netrail.graphml,7,Simple Decomposition,4.2058,100.6184,0.9821,0.0,2.9171
Netrail.graphml,7,Super Trees,4.3617,73.3169,0.7758,0.0,3.3471
NetworkUsa.graphml,35,Beacon Nodes,32.3972,186.4119,0.7696,0.0,17.2292
NetworkUsa.graphml,35,Global Controller,38.1527,184.0348,0.6933,0.0,17.2292
NetworkUsa.graphml,35,PrioList,32.695,172.3075,0.7896,0.0,17.2292
NetworkUsa.graphml,35,Simple Decomposition,34.3559,175.0577,0.7983,0.0,17.2292
NetworkUsa.graphml,35,Super Trees,32.3932,178.2594,0.735,0.0,18.25
Nextgen.graphml,16,Beacon Nodes,3.2981,85.1779,0.6412,0.0,8.3333
Nextgen.graphml,16,Global Controller,3.7963,85.8661,0.6467,0.0,8.3333
Nextgen.graphml,16,PrioList,3.0493,78.6435,0.6379,0.0,8.3333
Nextgen.graphml,16,Simple Decomposition,3.1457,81.5691,0.6542,0.0,8.3333
Nextgen.graphml,16,Super Trees,4.004,77.6526,0.6246,0.0,8.4167
Niif.graphml,35,Beacon Nodes,23.8013,174.5949,0.8217,0.0,7.5
Niif.graphml,35,Global Controller,26.5523,176.5783,0.7887,0.0833,7.5
Niif.graphml,35,PrioList,23.3967,165.8055,0.8283,0.0,7.5
Niif.graphml,35,Simple Decomposition,25.0672,164.9199,0.8325,0.0,7.5
Niif.graphml,35,Super Trees,24.6383,166.3481,0.7783,0.1667,8.5417
Noel.graphml,19,Beacon Nodes,15.0065,141.8658,0.9296,0.0,5.9029
Noel.graphml,19,Global Controller,15.8876,137.2566,0.9167,0.0,5.9029
Noel.graphml,19,PrioList,15.0998,135.0288,0.9342,0.0417,5.9029
Noel.graphml,19,Simple Decomposition,16.582,145.6078,0.9442,0.0,5.9029
Noel.graphml,19,Super Trees,14.8587,121.2556,0.8304,0.0833,6.8125
Nordu1997.graphml,12,Beacon Nodes,2.0139,92.2413,0.7967,0.0,2.875
Nordu1997.graphml,12,Global Controller,2.24,94.3497,0.8029,0.0,2.875
Nordu1997.graphml,12,PrioList,1.6255,79.1222,0.7962,0.0,2.875
Nordu1997.graphml,12,Simple Decomposition,1.6278,84.9666,0.7792,0.0,2.875
Nordu1997.graphml,12,Super Trees,2.4338,84.3953,0.7925,0.0,2.875
Nordu2005.graphml,6,Beacon Nodes,1.7644,78.5846,0.8496,0.0,2.5833
Nordu2005.graphml,6,Global Controller,1.7806,78.4376,0.8621,0.0,2.5833
Nordu2005.graphml,6,PrioList,1.62,76.1624,0.8571,0.0,2.5833
Nordu2005.graphml,6,Simple Decomposition,1.5547,74.4383,0.8592,0.0,2.5833
Nordu2005.graphml,6,Super Trees,1.8415,67.9707,0.7771,0.1458,2.7708
Nsfnet.graphml,13,Beacon Nodes,6.0653,104.6909,0.8788,0.0,4.7083
Nsfnet.graphml,13,Global Controller,6.4902,109.7541,0.8738,0.0,4.7083
Nsfnet.graphml,13,PrioList,5.8195,101.6308,0.8725,0.0,4.7083
Nsfnet.graphml,13,Simple Decomposition,5.8697,113.1011,0.89,0.0,4.7083
Nsfnet.graphml,13,Super Trees,6.4194,86.8455,0.7325,0.0417,6.1042
Oxford.graphml,19,Beacon Nodes,13.9406,148.13,0.8971,0.0833,8.7708
Oxford.graphml,19,Global Controller,16.7822,147.7918,0.8225,0.0833,8.7708
Oxford.graphml,19,PrioList,14.0778,137.5107,0.9021,0.0417,8.7708
Oxford.graphml,19,Simple Decomposition,14.1137,152.5087,0.9054,0.0417,8.7708
Oxford.graphml,19,Super Trees,14.3325,140.2843,0.9042,0.0833,9.9583
Pacificwave.graphml,3,Beacon Nodes,1.3326,86.3351,0.9804,0.0,1.5
Pacificwave.graphml,3,Global Controller,1.309,87.9458,0.9783,0.0,1.5
Pacificwave.graphml,3,PrioList,1.2604,87.7064,0.9787,0.0,1.5
Pacificwave.graphml,3,Simple Decomposition,1.2075,84.9777,0.9779,0.0,1.5
Pacificwave.graphml,3,Super Trees,1.4585,87.8589,0.9833,0.0,1.5
Packetexchange.graphml,21,Beacon Nodes,13.3847,138.0926,0.8396,0.0417,7.4862
Packetexchange.graphml,21,Global Controller,17.9567,140.4784,0.8192,0.0208,7.4862
Packetexchange.graphml,21,PrioList,13.3464,138.1182,0.8512,0.0,7.4862
Packetexchange.graphml,21,Simple Decomposition,13.1349,138.3471,0.8725,0.0,7.4862
Packetexchange.graphml,21,Super Trees,14.5251,100.0918,0.56,0.2292,7.0625
Palmetto.graphml,45,Beacon Nodes,70.5455,286.358,0.8479,0.0833,14.7292
Palmetto.graphml,45,Global Controller,76.9512,283.0659,0.8167,0.125,14.7292
Palmetto.graphml,45,PrioList,72.972,282.4086,0.8562,0.0833,14.7292
Palmetto.graphml,45,Simple Decomposition,72.6883,272.0338,0.8475,0.2083,14.7292
Palmetto.graphml,45,Super Trees,72.3897,216.8122,0.6008,0.7917,14.4167
Peer1.graphml,16,Beacon Nodes,10.1137,122.6064,0.9012,0.0,6.2292
Peer1.graphml,16,Global Controller,10.391,124.4436,0.8908,0.0,6.2292
Peer1.graphml,16,PrioList,9.8094,124.5842,0.91,0.0,6.2292
Peer1.graphml,16,Simple Decomposition,9.5645,117.3448,0.9033,0.0,6.2292
Peer1.graphml,16,Super Trees,10.3464,104.8807,0.7546,0.1667,7.0833
PionierL3.graphml,27,Beacon Nodes,19.8348,162.278,0.8221,0.0,12.5625
PionierL3.graphml,27,Global Controller,22.0267,151.1737,0.7754,0.0,12.5625
PionierL3.graphml,27,PrioList,20.852,162.9831,0.8625,0.0,12.5625
PionierL3.graphml,27,Simple Decomposition,18.9695,151.7098,0.8525,0.0,12.5625
PionierL3.graphml,27,Super Trees,20.3736,149.4041,0.8283,0.0625,12.9792
Psinet.graphml,24,Beacon Nodes,10.361,123.2903,0.6775,0.0,9.7575
Psinet.graphml,24,Global Controller,11.3085,111.972,0.6325,0.0,9.7575
Psinet.graphml,24,PrioList,9.887,113.3698,0.7058,0.0,9.7575
Psinet.graphml,24,Simple Decomposition,9.8865,119.2702,0.7012,0.0,9.7575
Psinet.graphml,24,Super Trees,11.0676,92.3619,0.5083,0.1667,11.75
Quest.graphml,20,Beacon Nodes,22.7956,171.7123,0.9683,0.0,9.2292
Quest.graphml,20,Global Controller,23.8612,165.4901,0.9458,0.0,9.2292
Quest.graphml,20,PrioList,25.5964,175.7437,0.9762,0.0,9.2292
Quest.graphml,20,Simple Decomposition,23.105,167.8258,0.9738,0.0,9.2292
Quest.graphml,20,Super Trees,22.7894,157.6971,0.9396,0.25,9.8333
Rediris.graphml,19,Beacon Nodes,21.7327,167.7973,0.9754,0.0417,6.375
Rediris.graphml,19,Global Controller,22.8549,179.2111,0.9742,0.0833,6.375
Rediris.graphml,19,PrioList,19.8848,167.3538,0.9717,0.0,6.375
Rediris.graphml,19,Simple Decomposition,20.336,165.8326,0.9717,0.0,6.375
Rediris.graphml,19,Super Trees,20.3526,162.2103,0.9525,0.3125,6.3333
Renater1999.graphml,24,Beacon Nodes,3.978,107.8589,0.7125,0.0,5.5
Renater1999.graphml,24,Global Controller,5.1405,107.1402,0.7088,0.0,5.5
Renater1999.graphml,24,PrioList,3.9186,103.6221,0.7267,0.0,5.5
Renater1999.graphml,24,Simple Decomposition,3.619,105.8288,0.7375,0.0,5.5
Renater1999.graphml,24,Super Trees,4.9771,105.7971,0.72,0.0,5.5
Renater2001.graphml,24,Beacon Nodes,12.3387,135.8669,0.8038,0.0,5.7292
Renater2001.graphml,24,Global Controller,11.9279,131.9304,0.8104,0.0,5.7292
Renater2001.graphml,24,PrioList,10.9047,130.2942,0.8138,0.0,5.7292
Renater2001.graphml,24,Simple Decomposition,10.501,128.4414,0.8104,0.0,5.7292
Renater2001.graphml,24,Super Trees,12.8365,118.4173,0.6875,0.0208,7.0
Renater2004.graphml,24,Beacon Nodes,18.9664,160.6458,0.8925,0.0417,8.3542
Renater2004.graphml,24,Global Controller,19.4677,154.9516,0.8554,0.0417,8.3542
Renater2004.graphml,24,PrioList,20.9758,157.6731,0.8983,0.0,8.3542
Renater2004.graphml,24,Simple Decomposition,17.9544,154.9887,0.9067,0.0,8.3542
Renater2004.graphml,24,Super Trees,20.2414,134.6017,0.7862,0.0833,8.5417
Renater2006.graphml,26,Beacon Nodes,27.3123,183.0241,0.9212,0.0,9.4792
Renater2006.graphml,26,Global Controller,29.1393,184.6654,0.8892,0.2083,9.4792
Renater2006.graphml,26,PrioList,28.6942,180.6296,0.9354,0.0,9.4792
Renater2006.graphml,26,Simple Decomposition,25.5181,175.6878,0.9462,0.0,9.4792
Renater2006.graphml,26,Super Trees,27.2167,166.0103,0.8346,0.1875,8.0208
Renater2008.graphml,26,Beacon Nodes,25.9676,186.9799,0.9271,0.0,9.0208
Renater2008.graphml,26,Global Controller,27.0606,185.1907,0.8946,0.2292,9.0208
Renater2008.graphml,26,PrioList,25.8055,172.497,0.9358,0.0,9.0208
Renater2008.graphml,26,Simple Decomposition,25.4523,186.8253,0.9375,0.0,9.0208
Renater2008.graphml,26,Super Trees,25.148,149.8128,0.7675,0.25,8.4375
Renater2010.graphml,37,Beacon Nodes,44.4123,224.579,0.8825,0.0,14.1667
Renater2010.graphml,37,Global Controller,47.592,224.1085,0.8212,0.0417,14.1667
Renater2010.graphml,37,PrioList,48.2114,227.2186,0.9088,0.0,14.1667
Renater2010.graphml,37,Simple Decomposition,44.0308,235.5426,0.9075,0.0,14.1667
Renater2010.graphml,37,Super Trees,44.4162,201.5914,0.8133,0.25,14.6667
Restena.graphml,13,Beacon Nodes,5.481,107.1576,0.8671,0.0417,4.3542
Restena.graphml,13,Global Controller,5.6891,105.8979,0.8496,0.0,4.3542
Restena.graphml,13,PrioList,5.3264,106.1963,0.8888,0.0,4.3542
Restena.graphml,13,Simple Decomposition,5.4376,104.1017,0.8829,0.0,4.3542
Restena.graphml,13,Super Trees,5.6842,96.0932,0.8,0.0417,5.7917
Rhnet.graphml,13,Beacon Nodes,3.9986,94.1992,0.7654,0.0,4.5833
Rhnet.graphml,13,Global Controller,4.3223,98.7045,0.7333,0.0,4.5833
Rhnet.graphml,13,PrioList,3.7287,91.2716,0.7708,0.0,4.5833
Rhnet.graphml,13,Simple Decomposition,4.0634,93.5965,0.7833,0.0,4.5833
Rhnet.graphml,13,Super Trees,4.2593,81.9297,0.6629,0.1667,4.8958
Rnp.graphml,28,Beacon Nodes,7.3273,125.4344,0.6525,0.0,8.6458
Rnp.graphml,28,Global Controller,10.5878,131.9446,0.6408,0.0,8.6458
Rnp.graphml,28,PrioList,6.8927,122.3311,0.6533,0.0,8.6458
Rnp.graphml,28,Simple Decomposition,7.0845,125.7294,0.6404,0.0417,8.6458
Rnp.graphml,28,Super Trees,8.2324,111.1392,0.5821,0.2083,10.3333
Roedunet.graphml,40,Beacon Nodes,8.5996,155.6295,0.7517,0.0,3.7917
Roedunet.graphml,40,Global Controller,10.6702,150.086,0.7579,0.0,3.7917
Roedunet.graphml,40,PrioList,9.6205,147.3214,0.7446,0.0,3.7917
Roedunet.graphml,40,Simple Decomposition,7.6133,151.5742,0.745,0.0,3.7917
Roedunet.graphml,40,Super Trees,10.0888,141.055,0.7158,0.3333,5.3054
Sago.graphml,18,Beacon Nodes,2.7323,84.9839,0.5679,0.0,10.75
Sago.graphml,18,Global Controller,3.5347,85.7418,0.5963,0.0,10.75
Sago.graphml,18,PrioList,2.6373,84.7469,0.5954,0.0,10.75
Sago.graphml,18,Simple Decomposition,2.7568,85.7964,0.6067,0.0,10.75
Sago.graphml,18,Super Trees,3.7312,92.1775,0.5888,0.0,10.75
Sanren.graphml,7,Beacon Nodes,2.8462,94.9005,0.8775,0.0,3.5
Sanren.graphml,7,Global Controller,2.9286,89.6743,0.8721,0.0,3.5
Sanren.graphml,7,PrioList,2.7393,89.475,0.9275,0.0,3.5
Sanren.graphml,7,Simple Decomposition,2.6356,86.0192,0.9275,0.0,3.5
Sanren.graphml,7,Super Trees,3.0968,90.228,0.9138,0.0,3.6042
Savvis.graphml,19,Beacon Nodes,11.279,127.1675,0.7667,0.0,9.875
Savvis.graphml,19,Global Controller,12.7304,116.0575,0.7054,0.0,9.875
Savvis.graphml,19,PrioList,10.4424,121.2573,0.8258,0.0,9.875
Savvis.graphml,19,Simple Decomposition,10.0464,120.0917,0.8212,0.0,9.875
Savvis.graphml,19,Super Trees,10.9244,108.9926,0.7338,0.0833,11.5
Sinet.graphml,47,Beacon Nodes,29.3646,188.5397,0.7329,0.0,6.375
Sinet.graphml,47,Global Controller,29.8384,191.011,0.7196,0.0,6.375
Sinet.graphml,47,PrioList,26.1078,187.7932,0.7596,0.0,6.375
Sinet.graphml,47,Simple Decomposition,26.1764,176.471,0.7412,0.0,6.375
Sinet.graphml,47,Super Trees,30.5158,166.9313,0.6283,0.2292,8.0833
Spiralight.graphml,15,Beacon Nodes,8.2659,113.3925,0.8308,0.1667,10.25
Spiralight.graphml,15,Global Controller,9.7072,116.3626,0.7821,0.0833,10.25
Spiralight.graphml,15,PrioList,8.0171,109.4486,0.8625,0.0,10.25
Spiralight.graphml,15,Simple Decomposition,8.1039,113.2869,0.8646,0.0,10.25
Spiralight.graphml,15,Super Trees,8.5513,116.5486,0.86,0.0,10.2917
Sprint.graphml,11,Beacon Nodes,7.6976,125.8421,0.9475,0.0,3.4792
Sprint.graphml,11,Global Controller,8.0048,120.3154,0.9425,0.0,3.4792
Sprint.graphml,11,PrioList,7.749,128.3458,0.9583,0.0,3.4792
Sprint.graphml,11,Simple Decomposition,7.6948,123.5718,0.9592,0.0,3.4792
Sprint.graphml,11,Super Trees,7.957,121.8865,0.9375,0.0833,4.9304
Sunet.graphml,25,Beacon Nodes,15.2836,147.6448,0.7954,0.0,10.2708
Sunet.graphml,25,Global Controller,16.3623,140.9992,0.7412,0.0,10.2708
Sunet.graphml,25,PrioList,15.0735,146.2696,0.8079,0.0,10.2708
Sunet.graphml,25,Simple Decomposition,16.2897,145.1883,0.8225,0.0,10.2708
Sunet.graphml,25,Super Trees,15.0542,129.4345,0.6958,0.0833,11.3958
Surfnet.graphml,50,Beacon Nodes,61.5746,286.565,0.8771,0.0417,13.7083
Surfnet.graphml,50,Global Controller,72.4545,291.4539,0.8338,0.0833,13.7083
Surfnet.graphml,50,PrioList,67.5708,297.5927,0.875,0.0417,13.7083
Surfnet.graphml,50,Simple Decomposition,65.7812,290.9054,0.8717,0.0417,13.7083
Surfnet.graphml,50,Super Trees,62.4679,249.8028,0.7604,0.5417,14.25
SwitchL3.graphml,30,Beacon Nodes,54.3494,256.602,0.9792,0.0,8.75
SwitchL3.graphml,30,Global Controller,50.2651,248.7745,0.9762,0.0,8.75
SwitchL3.graphml,30,PrioList,48.2557,245.2359,0.9796,0.0,8.75
SwitchL3.graphml,30,Simple Decomposition,52.1672,247.8959,0.9817,0.0,8.75
SwitchL3.graphml,30,Super Trees,50.052,229.0676,0.9546,0.125,9.0
TataNld.graphml,143,Beacon Nodes,580.09,1125.7333,0.8867,0.9792,39.75
TataNld.graphml,143,Global Controller,618.1558,1104.5615,0.7042,0.5833,39.75
TataNld.graphml,143,PrioList,573.7831,1089.7061,0.9075,1.1667,39.75
TataNld.graphml,143,Simple Decomposition,556.4806,1088.504,0.9092,0.9583,39.75
TataNld.graphml,143,Super Trees,564.0823,949.9193,0.6696,1.2292,30.5
Telecomserbia.graphml,6,Beacon Nodes,2.3566,79.4657,0.9033,0.0,3.0
Telecomserbia.graphml,6,Global Controller,2.5727,83.0392,0.9088,0.0,3.0
Telecomserbia.graphml,6,PrioList,2.3001,77.619,0.9454,0.0,3.0
Telecomserbia.graphml,6,Simple Decomposition,2.2161,82.773,0.9458,0.0,3.0
Telecomserbia.graphml,6,Super Trees,2.5699,85.2535,0.9362,0.0,3.0833
Ulaknet.graphml,76,Beacon Nodes,14.5593,240.4207,0.7708,0.0,3.1667
Ulaknet.graphml,76,Global Controller,23.032,240.1113,0.7717,0.0,3.1667
Ulaknet.graphml,76,PrioList,14.0723,227.4365,0.7683,0.0,3.1667
Ulaknet.graphml,76,Simple Decomposition,17.7726,219.1489,0.7717,0.0,3.1667
Ulaknet.graphml,76,Super Trees,18.9002,223.2407,0.7721,0.0417,3.8333
UniC.graphml,15,Beacon Nodes,6.2629,97.5147,0.7875,0.0833,6.0417
UniC.graphml,15,Global Controller,6.1445,95.5761,0.7971,0.0417,6.0417
UniC.graphml,15,PrioList,5.5026,95.7967,0.8117,0.125,6.0417
UniC.graphml,15,Simple Decomposition,5.7165,103.1082,0.8138,0.0833,6.0417
UniC.graphml,15,Super Trees,5.8438,71.9675,0.5967,0.125,5.9583
Uran.graphml,19,Beacon Nodes,3.4429,90.1402,0.7108,0.0,5.7917
Uran.graphml,19,Global Controller,4.2211,91.5388,0.7138,0.0,5.7917
Uran.graphml,19,PrioList,3.2274,85.5191,0.7288,0.0,5.7917
Uran.graphml,19,Simple Decomposition,3.2174,86.302,0.7221,0.0,5.7917
Uran.graphml,19,Super Trees,4.2494,79.3546,0.6342,0.0,5.7083
Uunet.graphml,42,Beacon Nodes,90.6161,321.9771,0.9508,0.0,8.3125
Uunet.graphml,42,Global Controller,92.1874,312.7062,0.9446,0.0,8.3125
Uunet.graphml,42,PrioList,86.4043,307.7303,0.9533,0.0,8.3125
Uunet.graphml,42,Simple Decomposition,86.522,302.7204,0.9583,0.0,8.3125
Uunet.graphml,42,Super Trees,85.1879,288.5322,0.9425,0.4583,9.7083
Vinaren.graphml,21,Beacon Nodes,4.828,97.6886,0.7575,0.1042,4.3958
Vinaren.graphml,21,Global Controller,5.7337,97.1028,0.7554,0.1667,4.3958
Vinaren.graphml,21,PrioList,4.3509,92.6668,0.7471,0.1667,4.3958
Vinaren.graphml,21,Simple Decomposition,4.6693,90.2345,0.7438,0.2083,4.3958
Vinaren.graphml,21,Super Trees,5.4581,77.5123,0.6071,0.3125,4.875
VisionNet.graphml,22,Beacon Nodes,3.7056,90.3102,0.595,0.0,9.0417
VisionNet.graphml,22,Global Controller,4.3573,89.822,0.6042,0.0,9.0417
VisionNet.graphml,22,PrioList,3.1284,89.9864,0.6038,0.0,9.0417
VisionNet.graphml,22,Simple Decomposition,3.1417,81.8371,0.5988,0.0,9.0417
VisionNet.graphml,22,Super Trees,4.5332,90.9296,0.6096,0.0,9.0417
VtlWavenet2008.graphml,87,Beacon Nodes,44.361,248.0598,0.2758,0.0417,37.2917
VtlWavenet2008.graphml,87,Global Controller,52.9836,250.6083,0.2779,0.0417,37.2917
VtlWavenet2008.graphml,87,PrioList,38.6563,220.8586,0.2792,0.0,37.2917
VtlWavenet2008.graphml,87,Simple Decomposition,39.227,231.1263,0.2892,0.0,37.2917
VtlWavenet2008.graphml,87,Super Trees,44.0995,222.0267,0.2513,0.0,39.5
VtlWavenet2011.graphml,91,Beacon Nodes,51.2554,269.5977,0.2988,0.0417,37.0
VtlWavenet2011.graphml,91,Global Controller,66.9616,277.6489,0.3042,0.0,37.0
VtlWavenet2011.graphml,91,PrioList,55.6796,252.5618,0.3067,0.0,37.0
VtlWavenet2011.graphml,91,Simple Decomposition,52.02,243.4071,0.3104,0.0,37.0
VtlWavenet2011.graphml,91,Super Trees,60.6593,244.2869,0.2804,0.0417,41.9583
WideJpn.graphml,19,Beacon Nodes,11.0371,107.2042,0.8288,0.0,5.9858
WideJpn.graphml,19,Global Controller,12.4873,109.4514,0.8333,0.0,5.9858
WideJpn.graphml,19,PrioList,10.1152,107.6797,0.8617,0.0,5.9858
WideJpn.graphml,19,Simple Decomposition,10.3463,106.3669,0.8796,0.0417,5.9858
WideJpn.graphml,19,Super Trees,12.6442,97.527,0.7154,0.125,6.7083
Xeex.graphml,24,Beacon Nodes,24.7183,151.1522,0.9188,0.0,7.4375
Xeex.graphml,24,Global Controller,22.9236,150.096,0.9112,0.0,7.4375
Xeex.graphml,24,PrioList,19.2761,147.2432,0.9325,0.0,7.4375
Xeex.graphml,24,Simple Decomposition,19.8654,149.3809,0.9271,0.0,7.4375
Xeex.graphml,24,Super Trees,19.5031,134.443,0.8433,0.5,9.125
Xspedius.graphml,34,Beacon Nodes,50.4266,224.0733,0.9792,0.0208,13.5625
Xspedius.graphml,34,Global Controller,52.0029,222.2274,0.9546,0.0417,13.5625
Xspedius.graphml,34,PrioList,52.9432,220.7403,0.9829,0.0417,13.5625
Xspedius.graphml,34,Simple Decomposition,48.6439,215.4523,0.9858,0.0417,13.5625
Xspedius.graphml,34,Super Trees,49.4123,184.9043,0.845,0.375,11.0625
York.graphml,23,Beacon Nodes,13.9224,112.2461,0.6879,0.0,16.75
York.graphml,23,Global Controller,14.5317,106.322,0.6308,0.0,16.75
York.graphml,23,PrioList,13.1877,108.8836,0.7204,0.0,16.75
York.graphml,23,Simple Decomposition,13.3221,102.2256,0.6946,0.0,16.75
York.graphml,23,Super Trees,15.8385,99.9616,0.6108,0.0833,16.4375
